ID,Department,Age,Gender,YearsExperience,Salary
EMP_1116,Sales,34,M,9,113166
EMP_1368,Sales,43,M,12,86015
EMP_0422,Sales,36,F,12,88404
EMP_0413,Engineering,36,F,13,149569
EMP_0451,Marketing,23,M,0,50630
EMP_0861,Marketing,28,F,2,54239
EMP_1063,Engineering,33,F,6,68796
EMP_0741,Finance,34,M,2,104598
EMP_1272,Finance,42,F,18,66438
EMP_0259,Engineering,41,F,8,116953
EMP_0888,Sales,41,M,1,112991
EMP_1432,Sales,27,F,2,85023
EMP_0712,Engineering,47,F,16,163825
EMP_1382,Engineering,52,F,3,101577
EMP_0070,Engineering,48,F,24,129220
EMP_1268,Engineering,41,M,11,157704
EMP_1491,Sales,24,F,0,89118
EMP_0607,Engineering,53,F,17,152627
EMP_0433,Sales,31,F,2,97778
EMP_0051,HR,36,F,14,63968
EMP_1199,Engineering,40,F,9,109330
EMP_1128,Sales,60,M,5,65431
EMP_1190,Engineering,35,M,2,89126
EMP_1249,Engineering,33,M,3,121749
EMP_1419,Finance,30,F,6,127391
EMP_0432,Finance,54,F,1,122141
EMP_1452,Finance,53,F,11,125683
EMP_1470,Engineering,43,M,0,76009
EMP_1234,Marketing,36,F,3,67311
EMP_1281,Engineering,49,M,24,93612
EMP_1085,Sales,33,F,7,103750
EMP_0610,Marketing,50,F,28,82743
EMP_1284,Engineering,34,F,3,144875
EMP_1041,Sales,60,M,20,110578
EMP_0220,Finance,39,F,11,116903
EMP_0339,Sales,54,F,31,107758
EMP_0423,Sales,30,M,0,63803
EMP_0428,HR,31,F,4,42619
EMP_1105,HR,45,F,5,65136
EMP_0076,Engineering,35,M,10,89671
EMP_1391,Finance,28,F,6,64132
EMP_0439,HR,47,M,15,51629
EMP_1336,Engineering,30,F,3,71251
EMP_0864,Finance,60,F,30,85486
EMP_1080,Sales,29,M,5,87939
EMP_0354,Sales,26,M,3,100534
EMP_0365,Finance,60,M,4,120099
EMP_0309,Sales,52,F,2,103761
EMP_0736,Sales,59,M,15,80661
EMP_0998,Sales,56,M,17,59132
EMP_0621,Engineering,29,M,2,146484
EMP_0543,Marketing,38,F,14,100491
EMP_1140,Engineering,30,M,2,120223
EMP_1296,Sales,30,M,8,113041
EMP_0554,HR,49,F,6,61316
EMP_0679,Engineering,30,M,0,75024
EMP_0049,Sales,51,M,25,138036
EMP_0490,Marketing,27,M,5,58833
EMP_0316,Engineering,34,F,11,99406
EMP_0904,Engineering,49,M,9,131645
EMP_0636,Sales,27,F,3,81085
EMP_0560,HR,53,M,28,93642
EMP_0486,HR,41,F,8,53206
EMP_0067,Engineering,35,M,1,59819
EMP_0811,Finance,39,F,6,61105
EMP_0493,Finance,60,F,9,98903
EMP_0310,Engineering,44,M,1,77700
EMP_1096,Finance,59,F,33,89126
EMP_1247,Engineering,42,F,16,130217
EMP_0184,Sales,34,M,7,107436
EMP_0306,Finance,34,M,2,83652
EMP_0852,HR,33,M,8,63336
EMP_0792,Marketing,50,F,28,77528
EMP_0289,HR,43,F,0,57925
EMP_0706,Marketing,27,F,5,69401
EMP_1329,Marketing,41,M,19,101101
EMP_0654,Marketing,45,M,22,75159
EMP_0522,Marketing,34,M,3,60026
EMP_0461,Finance,34,M,12,101295
EMP_0930,Sales,34,M,9,57049
EMP_1034,Engineering,53,F,31,175486
EMP_0029,Sales,33,M,0,96898
EMP_0240,Sales,28,F,0,39417
EMP_0798,HR,43,M,4,44073
EMP_0817,Sales,50,M,13,126064
EMP_0065,HR,36,M,11,58462
EMP_0601,Finance,54,M,23,121609
EMP_0924,Sales,29,F,2,66639
EMP_0754,Engineering,28,F,4,117967
EMP_0926,Engineering,46,F,8,120927
EMP_1101,Sales,51,M,21,53375
EMP_0247,Engineering,45,M,0,134842
EMP_0277,Marketing,26,M,3,80268
EMP_1402,Finance,42,F,5,130864
EMP_1066,Engineering,43,M,8,140448
EMP_0479,Finance,59,F,11,88825
EMP_0426,Finance,38,F,12,92628
EMP_0123,Engineering,32,M,2,59126
EMP_1169,Marketing,36,F,0,93318
EMP_0394,Finance,30,F,8,123851
EMP_0985,Engineering,44,M,7,76256
EMP_0715,Engineering,49,M,12,129609
EMP_1134,Engineering,51,M,10,144083
EMP_1084,Sales,56,M,8,61088
EMP_0497,Marketing,49,M,16,94893
EMP_0044,Engineering,37,F,12,98160
EMP_0059,Sales,27,F,2,57769
EMP_1161,Engineering,29,M,7,150539
EMP_0023,Marketing,41,M,2,42438
EMP_0874,Marketing,26,M,4,94146
EMP_0481,HR,33,M,11,81801
EMP_1324,Finance,32,F,7,108339
EMP_0745,Marketing,24,F,0,78274
EMP_0231,Engineering,30,M,3,97980
EMP_0124,Finance,31,M,3,54849
EMP_0427,Marketing,29,F,4,79711
EMP_0818,Finance,31,F,6,85873
EMP_0168,Sales,60,F,8,78426
EMP_0115,Engineering,50,M,6,128347
EMP_1088,Sales,34,M,9,100352
EMP_0986,Sales,42,M,12,120589
EMP_1395,Sales,55,M,15,127454
EMP_1424,Marketing,48,F,22,105401
EMP_0415,Finance,29,F,1,121390
EMP_0141,Sales,27,F,0,43747
EMP_1233,Marketing,34,F,9,63903
EMP_1293,Engineering,37,F,12,129394
EMP_0762,Sales,45,M,15,70948
EMP_1206,Engineering,51,F,22,119452
EMP_0462,Finance,44,M,2,87886
EMP_1243,Engineering,53,M,6,95817
EMP_0078,Engineering,26,F,2,124991
EMP_1004,Sales,39,M,8,104717
EMP_1490,Finance,48,M,15,124571
EMP_0571,Sales,31,M,0,53741
EMP_0015,Finance,37,M,15,97198
EMP_0494,Sales,35,M,7,114718
EMP_0350,Finance,59,M,9,121223
EMP_0999,Sales,31,M,2,117937
EMP_0274,Engineering,40,M,5,67470
EMP_1191,Engineering,28,F,0,80487
EMP_0271,Marketing,27,M,1,87034
EMP_1473,Engineering,24,F,0,119655
EMP_0237,Marketing,23,M,0,61037
EMP_0585,Engineering,26,M,1,95257
EMP_1312,Sales,37,M,1,57019
EMP_0694,HR,46,M,0,43495
EMP_1001,Sales,44,M,15,105875
EMP_0322,HR,29,M,4,42183
EMP_0782,Finance,49,F,12,125747
EMP_1358,Finance,40,F,10,84670
EMP_1203,Sales,34,M,6,74225
EMP_0970,Marketing,46,F,14,86758
EMP_1466,Engineering,48,M,5,128902
EMP_0526,Finance,51,F,19,77658
EMP_1425,Sales,31,F,2,92023
EMP_1170,Sales,51,M,27,80201
EMP_0175,Sales,29,F,0,70595
EMP_0358,Sales,41,M,18,87738
EMP_0043,Sales,55,M,18,106454
EMP_0416,Sales,34,F,8,69287
EMP_0344,Finance,32,M,10,88136
EMP_1026,Finance,55,F,15,75780
EMP_1401,Engineering,24,M,1,95949
EMP_0101,HR,42,F,11,79507
EMP_0107,Finance,27,M,2,98055
EMP_1489,Finance,45,F,17,115110
EMP_1052,Engineering,26,F,2,77926
EMP_0964,Engineering,46,M,13,106813
EMP_0380,Engineering,31,M,9,159561
EMP_0244,Marketing,40,M,13,69081
EMP_1099,Marketing,22,F,0,76869
EMP_0500,Marketing,33,M,10,90264
EMP_0700,Sales,52,F,11,51175
EMP_0128,Engineering,53,M,3,88742
EMP_0239,HR,26,M,3,46323
EMP_1114,Sales,35,M,5,111909
EMP_0682,Engineering,42,M,7,149012
EMP_0482,Engineering,24,M,0,135057
EMP_1305,Sales,26,M,3,39727
EMP_0275,Sales,32,F,8,78188
EMP_0582,Sales,60,M,35,103030
EMP_0203,Finance,60,F,16,83365
EMP_0032,Engineering,26,F,3,118314
EMP_1319,Finance,35,M,6,56723
EMP_0813,HR,48,M,17,56642
EMP_0997,Sales,40,F,16,105270
EMP_0381,Marketing,28,F,1,61069
EMP_1073,Engineering,27,M,0,146717
EMP_1348,Sales,35,F,10,62884
EMP_0578,Finance,44,M,12,123710
EMP_0887,Engineering,40,M,14,138115
EMP_1325,Marketing,31,F,8,108937
EMP_1326,HR,27,M,3,43552
EMP_0941,Engineering,53,M,30,87426
EMP_0163,Engineering,25,F,3,127682
EMP_0909,Engineering,28,F,0,90347
EMP_0297,Engineering,55,M,7,124064
EMP_0755,Engineering,32,F,9,119645
EMP_0405,Marketing,24,M,2,48488
EMP_0968,Sales,24,F,2,104794
EMP_0605,HR,40,M,11,67887
EMP_0420,Marketing,43,M,16,60051
EMP_0464,Sales,32,M,4,70708
EMP_1187,Sales,38,M,7,68824
EMP_0939,Marketing,39,M,11,62033
EMP_0192,HR,49,F,0,79640
EMP_0674,Sales,40,M,15,79093
EMP_0351,Sales,24,M,0,80789
EMP_0858,Engineering,49,M,21,144208
EMP_0063,Marketing,47,F,0,72362
EMP_1173,Marketing,46,M,24,107945
EMP_0765,HR,39,M,4,46469
EMP_1440,Engineering,54,M,31,120139
EMP_0261,Sales,36,F,3,123258
EMP_0342,Engineering,37,M,4,87424
EMP_1220,Finance,45,M,7,105185
EMP_0471,Finance,27,M,1,114768
EMP_1334,HR,34,M,2,67610
EMP_0198,Finance,34,M,8,110117
EMP_1231,Finance,49,M,22,90425
EMP_0917,Sales,55,F,19,81240
EMP_0743,Sales,33,M,9,51377
EMP_0570,Engineering,45,F,12,99959
EMP_0218,HR,44,F,17,93851
EMP_0453,Sales,57,M,33,106315
EMP_0030,Sales,28,M,6,50686
EMP_0056,Marketing,38,M,4,53383
EMP_1210,Sales,41,M,7,113919
EMP_1385,Engineering,46,F,0,146267
EMP_1065,Engineering,39,F,0,148632
EMP_0430,Engineering,53,F,3,91923
EMP_0724,Marketing,44,M,9,51477
EMP_1144,Engineering,35,M,12,101184
EMP_1005,Engineering,46,M,17,132706
EMP_1050,Sales,24,M,0,77264
EMP_1345,HR,40,M,17,93217
EMP_1236,Marketing,40,M,3,63653
EMP_1235,Sales,48,M,9,106537
EMP_1448,Engineering,46,M,21,127285
EMP_0620,Sales,34,M,6,98835
EMP_1067,Marketing,33,M,6,51138
EMP_0838,Engineering,33,M,1,73502
EMP_0099,Engineering,36,F,13,154771
EMP_0532,Engineering,48,M,25,169547
EMP_0528,Engineering,27,F,2,110370
EMP_1346,Engineering,30,F,0,132179
EMP_1172,Marketing,35,M,8,104314
EMP_1178,Finance,34,M,12,83404
EMP_0629,Finance,56,F,9,59149
EMP_1027,Finance,45,F,12,63034
EMP_0270,HR,37,M,10,88331
EMP_1341,Finance,40,M,10,107940
EMP_0626,HR,52,M,17,90630
EMP_1042,HR,55,F,28,80242
EMP_0976,Engineering,44,M,1,133458
EMP_0371,Engineering,27,M,3,117057
EMP_0588,Engineering,47,F,24,109395
EMP_0967,Engineering,40,M,3,124336
EMP_1165,Finance,33,F,1,75480
EMP_1146,Engineering,29,M,5,82361
EMP_0236,Engineering,39,M,0,108166
EMP_0596,Sales,36,M,14,54067
EMP_0962,Finance,43,M,3,130761
EMP_1445,Sales,45,M,21,73473
EMP_1163,Engineering,51,F,5,80153
EMP_0590,Marketing,31,M,9,108854
EMP_0208,Marketing,27,F,4,99634
EMP_1074,Sales,27,M,4,119624
EMP_0899,HR,31,F,3,70443
EMP_0353,HR,44,M,18,95038
EMP_0058,Engineering,45,F,7,151756
EMP_0303,HR,25,F,0,42367
EMP_1447,Sales,24,F,0,89268
EMP_0843,Finance,30,F,1,122189
EMP_1261,Engineering,51,F,15,82573
EMP_1430,Sales,50,F,18,129493
EMP_1209,Sales,51,F,15,113589
EMP_0367,Sales,57,M,35,123130
EMP_1357,Engineering,41,F,17,139013
EMP_1197,Engineering,43,M,11,135870
EMP_1304,Marketing,40,F,7,68142
EMP_1232,Sales,37,F,14,102550
EMP_0704,Finance,40,F,5,128140
EMP_0233,Finance,42,M,17,119660
EMP_0618,Engineering,31,F,8,83661
EMP_0196,Marketing,28,M,0,54326
EMP_1259,Sales,32,F,1,104783
EMP_0081,Sales,23,F,0,115516
EMP_1404,Engineering,48,M,12,90022
EMP_0597,Sales,50,M,6,45253
EMP_1156,Sales,29,M,1,97983
EMP_0111,Engineering,24,M,1,140579
EMP_1276,Engineering,44,M,1,137247
EMP_0780,Finance,33,F,5,124364
EMP_0983,Sales,38,F,5,65983
EMP_0799,Engineering,37,F,10,101214
EMP_1265,Sales,23,M,1,115636
EMP_1150,Engineering,41,M,7,106532
EMP_0824,Engineering,28,F,1,117925
EMP_0382,Sales,43,F,19,123036
EMP_0538,Marketing,40,F,14,82583
EMP_1493,Marketing,24,M,1,65360
EMP_1112,Marketing,46,F,0,50343
EMP_0324,Sales,23,M,1,56977
EMP_0361,Sales,33,F,5,94224
EMP_1487,HR,53,M,29,71182
EMP_1029,HR,50,M,18,86540
EMP_0707,HR,51,F,20,57934
EMP_0332,Engineering,48,F,0,61848
EMP_0429,Engineering,36,F,0,112360
EMP_1242,Sales,54,F,0,65220
EMP_0425,Marketing,28,F,6,76826
EMP_0628,HR,35,F,12,48300
EMP_1111,Sales,60,F,24,108137
EMP_0677,Engineering,55,M,32,173750
EMP_0693,Engineering,48,F,2,89360
EMP_0757,Sales,23,F,1,50640
EMP_0254,Sales,23,F,1,69453
EMP_1094,Sales,44,F,15,75931
EMP_0916,Marketing,27,F,0,53147
EMP_1185,HR,38,M,11,62040
EMP_0668,Engineering,48,M,20,153030
EMP_0841,Sales,46,M,8,93510
EMP_0806,Engineering,55,F,4,131644
EMP_1456,Marketing,46,M,15,65730
EMP_0086,Marketing,47,M,12,59283
EMP_1421,Marketing,26,M,0,70874
EMP_0265,Sales,54,M,21,81095
EMP_0287,Sales,46,M,9,119182
EMP_1483,Finance,30,M,2,124573
EMP_0892,Finance,29,F,7,71129
EMP_1495,Marketing,39,M,13,96629
EMP_0978,Marketing,40,M,0,83227
EMP_0534,Sales,25,M,0,80823
EMP_1000,Marketing,25,F,3,69069
EMP_0221,HR,31,M,0,53209
EMP_0113,Sales,39,M,0,42183
EMP_0672,HR,37,M,0,74308
EMP_0583,HR,42,F,10,73156
EMP_0174,Engineering,45,M,5,128311
EMP_0535,Marketing,26,M,4,87932
EMP_1078,Engineering,55,F,1,78958
EMP_1176,Marketing,37,F,12,111955
EMP_1106,Engineering,40,F,7,92448
EMP_0982,Marketing,31,M,8,100322
EMP_0285,Engineering,45,F,23,119100
EMP_0867,Finance,59,F,31,142969
EMP_0374,HR,38,F,4,71538
EMP_1196,Engineering,46,F,6,68262
EMP_0031,Marketing,27,F,2,77808
EMP_0551,HR,49,M,7,47461
EMP_0210,Sales,49,F,0,109683
EMP_1046,Finance,54,F,27,129985
EMP_0923,Engineering,55,M,17,108512
EMP_0809,Sales,41,F,7,110844
EMP_0617,Finance,47,F,11,101294
EMP_0932,Sales,30,M,8,94128
EMP_0619,Marketing,33,F,10,57044
EMP_0188,Sales,31,M,7,127649
EMP_0710,Engineering,55,M,14,133354
EMP_0936,Engineering,49,F,21,154072
EMP_1168,Marketing,38,M,7,72720
EMP_1219,Engineering,37,M,0,62398
EMP_1097,Engineering,50,F,15,133179
EMP_0901,Engineering,54,F,11,125246
EMP_0083,Marketing,47,M,2,57031
EMP_0701,Sales,50,F,8,47957
EMP_0048,Sales,44,M,9,120743
EMP_1283,Finance,55,M,31,88221
EMP_0155,Finance,45,M,7,97843
EMP_1151,Marketing,48,F,0,88190
EMP_1141,Finance,57,M,12,127839
EMP_0974,Marketing,38,M,12,92430
EMP_1057,Sales,25,M,0,111144
EMP_0807,Engineering,30,M,6,100954
EMP_1229,Marketing,31,F,3,58863
EMP_1480,Finance,54,M,18,74915
EMP_1436,Sales,41,M,15,121355
EMP_0179,Engineering,27,M,2,112635
EMP_1355,Engineering,33,F,2,103037
EMP_1246,Engineering,53,M,15,101747
EMP_1040,Engineering,50,M,24,156162
EMP_0949,Finance,53,M,4,100575
EMP_0816,Sales,50,F,26,123863
EMP_0363,Sales,38,M,9,68169
EMP_1177,Sales,34,M,10,97592
EMP_1198,Finance,60,F,17,132719
EMP_0346,Engineering,41,M,18,84477
EMP_1010,Marketing,45,F,23,127183
EMP_0614,HR,37,M,15,71951
EMP_0965,Marketing,36,M,11,62504
EMP_1273,Sales,52,F,10,94599
EMP_0589,HR,49,F,13,99834
EMP_1288,Finance,38,M,1,90645
EMP_0631,HR,46,F,15,60409
EMP_0243,Sales,36,M,5,91180
EMP_1374,Engineering,34,M,1,115119
EMP_1451,Engineering,54,M,12,95818
EMP_0764,Sales,36,M,13,54166
EMP_0987,Sales,28,M,4,69688
EMP_0411,Engineering,53,F,26,175933
EMP_1420,Engineering,50,M,24,160673
EMP_1225,Sales,42,M,1,45552
EMP_0308,Marketing,33,F,9,82535
EMP_0881,Marketing,31,F,5,60108
EMP_0398,Sales,44,F,11,91329
EMP_0370,Engineering,39,M,9,142168
EMP_0054,HR,36,F,6,45321
EMP_1338,Finance,55,M,30,109025
EMP_1182,Sales,53,F,25,138149
EMP_0312,Sales,23,F,1,106310
EMP_0921,Sales,24,M,2,116775
EMP_0109,Engineering,47,M,2,106893
EMP_0718,Engineering,29,M,4,132784
EMP_0691,HR,27,M,4,54593
EMP_0100,Engineering,54,M,25,126730
EMP_1125,Engineering,39,M,16,71510
EMP_0669,Engineering,36,F,9,140442
EMP_1375,Marketing,26,F,2,83118
EMP_0266,Finance,35,M,1,100796
EMP_0678,Engineering,50,M,0,113023
EMP_0296,Marketing,28,M,0,89911
EMP_0529,Marketing,40,M,6,102324
EMP_0944,Engineering,43,F,1,148522
EMP_1013,Marketing,24,F,1,41498
EMP_0950,Sales,48,F,11,57618
EMP_0377,Sales,56,M,21,105022
EMP_0286,Engineering,45,F,21,138554
EMP_1438,Engineering,31,M,1,64453
EMP_0730,Finance,37,M,1,54589
EMP_0126,Marketing,34,F,5,104134
EMP_0327,Sales,57,M,28,110033
EMP_0292,Sales,47,F,2,88100
EMP_0548,Sales,23,M,1,50144
EMP_0727,HR,38,F,13,64279
EMP_0908,Engineering,41,F,9,112042
EMP_0355,Sales,59,F,20,50808
EMP_0170,Finance,57,M,16,88160
EMP_0966,Marketing,47,M,23,106838
EMP_1133,Sales,57,F,19,116467
EMP_0651,Sales,59,F,7,77826
EMP_0209,Engineering,36,M,12,153974
EMP_1397,HR,52,M,8,80588
EMP_0140,HR,53,M,22,60226
EMP_1083,Sales,44,M,17,75784
EMP_0990,Sales,40,M,6,85766
EMP_0650,Engineering,43,M,9,70554
EMP_1188,Finance,51,M,27,142719
EMP_1498,Engineering,48,M,24,174861
EMP_0485,Sales,45,M,10,106303
EMP_0527,HR,29,M,0,44964
EMP_0199,Finance,31,F,7,95186
EMP_0889,HR,53,M,0,82906
EMP_0844,Engineering,36,F,14,83567
EMP_1068,Engineering,55,F,16,157348
EMP_1205,Engineering,24,F,2,60733
EMP_1054,Engineering,31,M,0,79071
EMP_0010,Marketing,31,F,7,81372
EMP_0147,Engineering,39,F,4,124797
EMP_0721,Sales,59,F,5,65339
EMP_0282,Engineering,53,F,16,168959
EMP_0298,Marketing,24,M,1,100810
EMP_0613,HR,39,M,3,77277
EMP_0291,Marketing,24,F,2,55698
EMP_0649,Finance,44,F,1,56393
EMP_0598,Engineering,38,F,7,155096
EMP_1043,HR,53,F,3,48899
EMP_0552,Sales,28,M,5,86462
EMP_1298,Engineering,45,F,21,165882
EMP_0129,Marketing,45,M,22,88373
EMP_1061,Engineering,34,F,4,66940
EMP_0331,Marketing,34,M,11,83715
EMP_0323,Marketing,43,F,20,98359
EMP_0680,Finance,48,F,21,66195
EMP_0478,Engineering,50,F,17,104333
EMP_0561,Finance,33,M,9,77585
EMP_0135,Finance,50,F,24,127485
EMP_0506,Engineering,49,F,26,126759
EMP_0513,HR,40,F,17,90741
EMP_1371,HR,53,F,17,80399
EMP_0435,Engineering,24,M,2,60401
EMP_0873,Sales,39,F,4,59072
EMP_1462,Engineering,32,F,6,64445
EMP_0752,HR,26,F,3,54774
EMP_0665,Finance,28,M,1,123359
EMP_0158,Sales,24,M,0,69064
EMP_1253,Sales,45,M,22,131708
EMP_1292,Sales,55,F,11,98359
EMP_0575,Sales,45,M,19,50387
EMP_0352,HR,50,M,16,58511
EMP_0937,Finance,31,F,1,55873
EMP_1295,Marketing,46,M,23,58293
EMP_1392,Marketing,49,F,23,99298
EMP_1300,Engineering,40,M,18,104093
EMP_0591,Engineering,32,M,2,90187
EMP_0664,Marketing,48,M,5,94608
EMP_0195,Marketing,46,F,11,112996
EMP_1240,Marketing,26,M,1,62146
EMP_1048,Sales,49,F,9,86180
EMP_0438,HR,52,M,2,61314
EMP_1435,Engineering,46,M,1,96945
EMP_0643,Marketing,34,F,0,56620
EMP_0096,Sales,55,M,0,36162
EMP_0584,Sales,29,M,5,40956
EMP_1214,Sales,28,M,3,101224
EMP_0156,Engineering,46,M,23,156533
EMP_0419,Engineering,47,F,22,165381
EMP_0410,Engineering,47,M,13,122208
EMP_1222,Marketing,22,M,0,54993
EMP_0477,Marketing,35,F,7,64841
EMP_0514,Finance,41,F,15,104329
EMP_1285,Marketing,33,F,10,63275
EMP_1453,Marketing,40,M,0,67570
EMP_1118,Engineering,36,F,1,121788
EMP_0447,Engineering,28,F,4,149068
EMP_0178,Sales,57,F,23,142979
EMP_0390,Sales,59,M,5,124043
EMP_1289,HR,25,M,3,43406
EMP_1307,Finance,45,M,20,104505
EMP_1366,Finance,44,F,12,121809
EMP_1047,Sales,29,F,0,45719
EMP_1142,Marketing,46,F,4,82183
EMP_0634,Sales,51,F,10,98855
EMP_0865,Engineering,41,M,13,93402
EMP_0787,Finance,50,M,9,109166
EMP_0744,Engineering,32,M,6,70155
EMP_0859,HR,44,M,21,91615
EMP_0294,HR,28,F,1,81832
EMP_0544,Engineering,24,F,2,92947
EMP_1362,Engineering,26,M,4,79434
EMP_0088,Sales,36,M,0,88342
EMP_1031,Sales,49,M,6,126680
EMP_1379,Engineering,44,M,16,133633
EMP_0576,Engineering,28,M,1,61898
EMP_0906,Engineering,48,M,24,109823
EMP_1387,Sales,60,F,37,123627
EMP_1091,Marketing,27,M,5,92804
EMP_0943,Sales,40,M,7,50130
EMP_0290,Engineering,33,F,6,109929
EMP_1418,Marketing,50,F,3,45539
EMP_1018,Sales,29,M,1,89715
EMP_0348,Sales,47,F,14,63484
EMP_0567,Finance,40,F,8,115410
EMP_1412,Engineering,26,M,1,82870
EMP_1058,Sales,29,M,3,77832
EMP_0599,HR,25,M,1,58611
EMP_0458,Sales,54,M,10,64891
EMP_0375,Sales,41,M,11,71463
EMP_0333,Engineering,28,M,1,100376
EMP_0756,Engineering,49,M,24,92234
EMP_1323,Marketing,22,M,0,56688
EMP_0711,Sales,39,F,3,97235
EMP_1389,Sales,32,M,2,44191
EMP_0566,Sales,42,M,1,58244
EMP_0328,Finance,42,F,8,112551
EMP_0318,Sales,37,F,2,50655
EMP_1302,HR,31,F,6,69894
EMP_0952,Engineering,37,M,9,110778
EMP_0012,Finance,54,F,0,51250
EMP_0171,Sales,31,M,3,50445
EMP_0260,Engineering,46,M,4,146982
EMP_0819,Engineering,45,F,17,137164
EMP_1494,Marketing,26,M,4,76690
EMP_0796,HR,36,F,1,53122
EMP_0138,Sales,28,F,6,104258
EMP_0549,Sales,40,M,10,111428
EMP_0615,Sales,51,M,27,89113
EMP_0845,Marketing,30,M,2,95242
EMP_0777,Sales,42,F,15,60249
EMP_0558,Marketing,40,F,1,53205
EMP_0139,Engineering,38,F,6,118435
EMP_1309,Engineering,48,M,4,110808
EMP_1023,Sales,44,F,4,42477
EMP_0224,HR,39,F,10,65351
EMP_0963,HR,27,F,4,52281
EMP_0409,Marketing,45,F,3,48017
EMP_0325,HR,37,M,0,43157
EMP_0299,Sales,56,M,7,88461
EMP_0993,Sales,39,F,10,58334
EMP_1032,Engineering,34,F,10,122781
EMP_0670,HR,46,M,0,54507
EMP_1479,Engineering,40,F,12,129116
EMP_0946,Engineering,50,M,0,64085
EMP_1269,Engineering,38,M,10,84822
EMP_0573,Marketing,41,F,14,68604
EMP_0503,Engineering,51,M,27,115073
EMP_1037,Sales,48,F,11,49126
EMP_0003,Engineering,33,F,12,105529
EMP_1468,Marketing,37,F,0,70214
EMP_0467,Sales,59,M,7,108468
EMP_0321,Engineering,43,M,2,91765
EMP_0005,Engineering,46,F,24,85993
EMP_0973,Engineering,45,F,14,144516
EMP_0547,Marketing,41,M,16,101703
EMP_1476,HR,25,M,3,77444
EMP_0039,Engineering,41,M,2,118384
EMP_0542,Sales,56,F,8,66879
EMP_0242,Engineering,43,F,5,137404
EMP_0136,Sales,54,M,32,130633
EMP_0602,Marketing,38,F,16,117510
EMP_0772,Marketing,41,F,15,64978
EMP_0846,Engineering,36,F,9,146476
EMP_1090,Sales,52,F,12,131392
EMP_1365,Sales,49,M,16,46743
EMP_0581,Finance,43,F,20,110381
EMP_1474,Engineering,43,M,6,126717
EMP_0788,Marketing,47,M,22,91968
EMP_1388,Marketing,37,M,15,78852
EMP_0376,Engineering,27,M,0,135808
EMP_0314,Sales,37,F,11,107863
EMP_0442,Sales,40,F,10,80716
EMP_0319,HR,38,M,15,87276
EMP_1478,Marketing,37,M,15,99479
EMP_0793,Sales,49,F,24,87798
EMP_1132,Sales,49,M,19,95935
EMP_0424,Sales,31,F,0,87450
EMP_0553,Engineering,33,F,3,116827
EMP_0594,Marketing,37,M,0,84437
EMP_0893,Engineering,52,M,11,144296
EMP_1481,Engineering,26,F,1,140093
EMP_1217,Marketing,46,M,21,67270
EMP_1164,Sales,49,M,19,72945
EMP_0227,Sales,57,M,24,121274
EMP_0714,Engineering,53,M,26,94358
EMP_0810,Sales,43,M,7,91240
EMP_0979,Engineering,44,M,16,138727
EMP_1075,Engineering,53,M,28,157108
EMP_0066,HR,36,M,0,68619
EMP_0393,Engineering,50,F,2,107541
EMP_0579,Sales,49,M,18,117208
EMP_0989,Finance,34,M,1,87188
EMP_0211,Sales,55,M,12,120515
EMP_1159,Engineering,51,F,14,168480
EMP_0781,Finance,29,M,1,112473
EMP_0536,Marketing,43,M,9,58365
EMP_0774,Finance,44,F,12,126512
EMP_0661,Finance,43,M,6,93893
EMP_0085,Engineering,48,M,16,79328
EMP_1349,Engineering,47,F,4,76736
EMP_1216,Marketing,44,M,3,99530
EMP_0915,Marketing,38,M,15,79499
EMP_0660,Marketing,30,M,5,94600
EMP_1350,Marketing,36,F,9,108109
EMP_0630,Sales,38,M,16,138965
EMP_1033,Sales,23,F,1,85723
EMP_1399,Engineering,54,M,24,100340
EMP_1092,Sales,49,F,27,77373
EMP_0273,Sales,29,F,2,69924
EMP_0722,Engineering,34,F,3,88014
EMP_0362,Sales,49,F,14,118756
EMP_0622,Marketing,34,F,4,84553
EMP_0002,Engineering,25,F,1,75854
EMP_0006,Engineering,30,M,8,157202
EMP_0311,Sales,32,F,8,82254
EMP_1167,Engineering,47,M,21,149173
EMP_0938,Sales,43,M,20,78066
EMP_1477,Marketing,27,M,2,72755
EMP_0215,Engineering,50,F,16,80032
EMP_1320,Finance,53,F,22,84552
EMP_0027,Engineering,25,M,1,58984
EMP_1465,Marketing,38,M,13,53091
EMP_1024,Engineering,53,M,31,126451
EMP_0785,Marketing,46,M,18,56592
EMP_0638,Marketing,43,M,10,60045
EMP_0829,Engineering,48,M,26,127640
EMP_0826,Marketing,35,M,6,105233
EMP_0624,HR,30,F,4,75750
EMP_0849,Engineering,36,F,12,109261
EMP_0256,Engineering,28,M,2,146620
EMP_0025,Marketing,45,F,16,55956
EMP_0336,Finance,56,F,24,156095
EMP_0572,Sales,54,F,16,97218
EMP_0047,Sales,53,F,2,84649
EMP_0106,Engineering,47,F,16,94879
EMP_0349,HR,36,F,0,51061
EMP_0055,Sales,57,F,15,133191
EMP_0808,Engineering,51,M,2,61654
EMP_0213,Marketing,44,M,10,67804
EMP_0120,Sales,41,M,4,70445
EMP_0869,Sales,29,F,6,50855
EMP_0855,Finance,32,F,1,73307
EMP_0072,Marketing,26,M,4,87347
EMP_1380,Finance,48,M,2,66535
EMP_0720,Engineering,52,F,9,144056
EMP_0045,Sales,59,F,30,157497
EMP_1263,HR,41,F,9,86324
EMP_0523,Finance,26,M,4,93065
EMP_0868,Finance,38,F,14,90392
EMP_1107,HR,26,M,4,57399
EMP_1274,Finance,44,F,9,99819
EMP_0802,HR,50,M,26,71723
EMP_0533,Marketing,45,F,3,85430
EMP_1137,Marketing,39,M,10,83090
EMP_0603,Sales,47,F,2,84914
EMP_0465,Engineering,47,M,14,158910
EMP_1202,Engineering,31,M,3,94215
EMP_1277,Engineering,55,M,27,71594
EMP_1443,Finance,43,F,19,62200
EMP_0988,Sales,41,F,6,90126
EMP_0060,HR,49,M,27,54761
EMP_0885,Engineering,26,M,4,143832
EMP_0092,Marketing,41,F,15,70920
EMP_0666,Sales,30,M,5,73325
EMP_0705,Engineering,40,M,12,74645
EMP_0194,Sales,54,F,28,125465
EMP_0280,Engineering,44,M,18,82380
EMP_0695,Finance,40,M,4,80591
EMP_0359,Engineering,36,F,9,133827
EMP_0519,Sales,42,F,11,41628
EMP_0812,Engineering,47,M,11,75236
EMP_0767,Sales,45,F,12,129187
EMP_0182,Engineering,41,F,11,152489
EMP_1486,Engineering,43,M,12,140914
EMP_0110,Sales,41,F,17,70189
EMP_0042,Finance,33,F,1,79151
EMP_1006,Engineering,37,F,5,139963
EMP_0204,Engineering,47,F,24,137251
EMP_0820,Marketing,33,M,1,78812
EMP_0052,Sales,44,M,21,96361
EMP_0545,HR,32,M,6,68226
EMP_1131,Engineering,37,M,15,76094
EMP_1157,Marketing,30,M,8,87895
EMP_1467,Sales,57,M,34,83252
EMP_0910,Marketing,39,M,14,100548
EMP_0183,Engineering,28,M,2,148979
EMP_0137,Engineering,24,M,1,108043
EMP_1149,Marketing,23,M,1,46872
EMP_0080,Marketing,48,F,4,73732
EMP_1212,Sales,51,M,1,87281
EMP_0105,HR,52,M,9,91576
EMP_0541,Marketing,42,M,15,60374
EMP_1313,Sales,30,M,3,119866
EMP_0480,Engineering,52,M,21,133979
EMP_0165,Finance,32,F,0,66630
EMP_0248,Finance,49,M,3,112631
EMP_0307,Sales,28,F,2,85973
EMP_0446,Engineering,55,M,5,131632
EMP_0746,HR,51,M,1,68247
EMP_0334,Finance,44,F,18,74699
EMP_0097,Sales,27,F,5,118044
EMP_0759,Sales,46,M,13,56951
EMP_0737,Finance,54,M,18,80054
EMP_0836,Finance,50,M,27,89114
EMP_0942,HR,42,M,4,43672
EMP_0102,Marketing,37,M,6,92030
EMP_0434,Finance,28,M,1,51858
EMP_0074,Engineering,27,M,0,135478
EMP_1340,Engineering,27,M,4,128647
EMP_1124,Finance,59,M,3,132085
EMP_1359,Finance,41,F,0,75658
EMP_0302,Marketing,44,M,7,49861
EMP_1262,Engineering,37,M,9,99015
EMP_1223,Engineering,26,M,0,126154
EMP_0733,Sales,49,F,7,117983
EMP_0388,Sales,24,M,2,68657
EMP_0235,Engineering,45,F,8,89887
EMP_1245,Marketing,43,M,9,99657
EMP_0267,Sales,34,M,8,103021
EMP_0305,Engineering,24,M,0,89212
EMP_0117,Sales,50,M,24,120601
EMP_1211,Finance,49,M,25,74791
EMP_0673,Sales,40,M,6,119744
EMP_0249,Sales,54,F,1,87099
EMP_1093,Engineering,29,F,5,150630
EMP_1079,Marketing,31,F,7,56466
EMP_0071,Sales,57,F,35,111295
EMP_0094,Finance,30,M,0,112208
EMP_0847,Sales,45,F,6,47432
EMP_0033,Sales,40,F,10,70125
EMP_1100,Engineering,25,M,3,151529
EMP_0448,Finance,29,F,0,128721
EMP_0445,Engineering,50,M,12,97967
EMP_0771,Finance,28,F,1,88935
EMP_0716,Marketing,36,F,8,69474
EMP_0886,Marketing,30,M,0,97204
EMP_1244,Marketing,38,F,3,56157
EMP_0900,Engineering,25,F,0,91301
EMP_1035,Marketing,27,F,1,57408
EMP_0077,HR,31,M,9,97253
EMP_0084,Sales,42,M,8,107706
EMP_0834,Engineering,37,M,2,73512
EMP_0082,HR,30,F,2,76642
EMP_0457,HR,44,M,11,99511
EMP_0918,Sales,33,F,11,90761
EMP_0676,Sales,31,F,0,102660
EMP_0984,Engineering,41,M,18,120450
EMP_1239,Sales,38,M,0,54820
EMP_0436,Sales,53,M,23,121393
EMP_0770,Engineering,38,F,10,119264
EMP_0644,Sales,30,M,5,97557
EMP_1119,Engineering,39,F,17,90278
EMP_0905,Engineering,32,M,7,81978
EMP_1193,Sales,31,F,5,60458
EMP_0404,Engineering,50,M,23,107767
EMP_1303,Engineering,51,M,19,100236
EMP_0933,Sales,33,M,3,55707
EMP_1485,Finance,38,F,4,71633
EMP_0104,Marketing,48,M,1,61909
EMP_0609,Engineering,48,F,17,112834
EMP_1455,Finance,59,M,34,167637
EMP_0688,Engineering,39,F,13,116006
EMP_0948,Marketing,24,F,2,48645
EMP_0931,Sales,26,F,2,115945
EMP_0062,Marketing,44,M,21,89557
EMP_0281,Engineering,43,F,14,120697
EMP_0778,Sales,36,M,9,109579
EMP_1393,Finance,33,M,3,118506
EMP_0238,Engineering,45,M,5,114863
EMP_0223,Marketing,34,F,6,94345
EMP_0145,Marketing,27,M,1,97490
EMP_1398,Finance,28,F,1,94949
EMP_0373,Sales,33,F,6,76410
EMP_1228,Marketing,47,M,23,67640
EMP_0118,Sales,47,F,19,91534
EMP_1166,Finance,40,M,17,134953
EMP_0250,Sales,34,M,1,89915
EMP_1444,Sales,29,F,7,111356
EMP_1022,Finance,45,M,16,133983
EMP_0009,Marketing,43,M,21,70066
EMP_0449,Finance,42,M,15,134084
EMP_0882,Finance,54,F,13,129437
EMP_0708,Sales,45,M,14,88134
EMP_0255,Engineering,33,M,9,108158
EMP_0593,Engineering,32,M,4,98941
EMP_0389,Engineering,29,M,0,58171
EMP_1087,Sales,41,F,0,54806
EMP_1200,Sales,56,F,16,61401
EMP_0557,Sales,36,F,7,107119
EMP_1287,Sales,60,F,38,95197
EMP_0839,Marketing,46,F,5,78216
EMP_0460,Finance,43,M,14,126191
EMP_0723,Engineering,55,F,5,100016
EMP_1381,HR,25,F,0,78458
EMP_0144,Sales,48,M,4,111114
EMP_0501,Finance,34,M,7,121618
EMP_1098,Marketing,30,M,4,101027
EMP_0739,Marketing,37,M,5,46539
EMP_1384,Engineering,44,F,2,121307
EMP_0731,Sales,40,F,15,55271
EMP_0539,Sales,52,M,24,75003
EMP_0177,HR,53,M,7,68456
EMP_1446,Marketing,44,F,4,93787
EMP_0697,Sales,25,M,1,63288
EMP_0940,Sales,54,F,24,58007
EMP_1049,Marketing,27,F,5,89467
EMP_0922,Sales,58,M,18,84711
EMP_0898,Engineering,32,M,6,146062
EMP_1492,Sales,30,M,5,80758
EMP_0007,Marketing,42,M,14,96535
EMP_0862,Engineering,50,F,20,133460
EMP_0667,Marketing,48,M,26,124401
EMP_1160,Marketing,43,M,8,78946
EMP_0357,Sales,59,F,3,42448
EMP_0783,Marketing,43,F,16,93482
EMP_0735,Engineering,44,M,15,81617
EMP_0329,Engineering,33,F,11,143787
EMP_1055,Sales,56,F,14,96702
EMP_1148,Engineering,41,F,10,73922
EMP_1117,Engineering,47,M,11,80665
EMP_0258,HR,48,F,14,88690
EMP_1175,Marketing,33,M,3,83031
EMP_0372,Marketing,39,M,6,49606
EMP_1103,Sales,48,F,25,130064
EMP_0925,Engineering,39,M,4,75994
EMP_0142,Marketing,34,M,7,77416
EMP_0525,Sales,51,F,26,105355
EMP_1138,Sales,33,F,6,46260
EMP_1007,Engineering,45,F,18,74486
EMP_1121,Engineering,46,M,16,105547
EMP_1423,HR,51,F,11,84530
EMP_0440,Engineering,51,F,6,107603
EMP_0531,Engineering,52,M,15,106824
EMP_1201,Engineering,42,F,20,124345
EMP_0226,Marketing,46,M,0,59244
EMP_1036,Finance,31,F,2,89939
EMP_0228,Marketing,48,F,13,59907
EMP_1279,Engineering,40,M,1,118649
EMP_1449,Marketing,50,M,3,80516
EMP_0212,Sales,49,F,6,118707
EMP_0079,Sales,39,M,6,75553
EMP_0148,Sales,31,M,7,116312
EMP_0814,Engineering,39,F,3,93491
EMP_0903,Marketing,39,F,14,64733
EMP_0958,Marketing,45,M,1,97375
EMP_0671,Marketing,39,F,13,95115
EMP_1155,Sales,42,M,10,79562
EMP_0555,Finance,44,F,19,114406
EMP_0907,Marketing,38,M,15,93114
EMP_0133,Engineering,31,F,7,142407
EMP_1108,Engineering,40,M,0,80986
EMP_0823,Engineering,51,F,18,114802
EMP_0408,Finance,34,M,6,99424
EMP_0368,Sales,53,F,24,129967
EMP_0507,HR,32,F,10,58667
EMP_1181,Sales,45,F,15,107970
EMP_0504,Finance,34,M,7,136617
EMP_1488,Marketing,30,F,2,54481
EMP_0347,Marketing,26,F,2,59982
EMP_0386,Engineering,33,M,11,142174
EMP_0000,Marketing,50,M,7,80511
EMP_0360,Sales,58,M,32,65590
EMP_0894,Sales,28,F,5,72847
EMP_0828,Marketing,44,F,12,88533
EMP_1415,Engineering,48,F,21,98218
EMP_0475,Sales,41,F,16,118053
EMP_1280,Marketing,41,M,1,69615
EMP_0057,Marketing,33,M,9,103393
EMP_0637,Marketing,27,F,2,99617
EMP_1330,Sales,31,F,4,111911
EMP_1053,Engineering,36,M,14,163173
EMP_1370,Marketing,34,F,8,89047
EMP_0172,Sales,59,M,17,102377
EMP_0450,Marketing,34,M,5,61507
EMP_0125,Marketing,27,F,0,83107
EMP_1179,HR,36,M,12,76665
EMP_0530,Finance,46,F,22,110052
EMP_0857,Engineering,54,M,27,167985
EMP_0713,Marketing,25,M,1,73045
EMP_0090,Marketing,47,M,25,81530
EMP_1450,Engineering,51,F,22,134791
EMP_0181,Engineering,40,M,10,121433
EMP_0875,Sales,44,F,21,131199
EMP_1030,Sales,26,M,4,116205
EMP_0786,Engineering,51,F,15,87459
EMP_0414,Engineering,43,M,11,72451
EMP_0251,Engineering,31,M,6,120328
EMP_0069,Engineering,30,M,4,93838
EMP_0803,Engineering,27,M,4,64343
EMP_0131,Marketing,27,M,5,53155
EMP_0300,Finance,54,F,15,96598
EMP_1429,Engineering,30,M,0,113977
EMP_0326,Marketing,41,M,3,94110
EMP_1464,Marketing,30,M,7,95333
EMP_1113,Sales,47,M,2,80206
EMP_0499,Engineering,55,M,24,152879
EMP_1377,HR,45,F,10,59141
EMP_0832,Engineering,28,F,3,114974
EMP_0364,Engineering,53,F,5,108211
EMP_0495,Finance,60,M,37,132994
EMP_1394,Engineering,25,M,0,94424
EMP_0338,Marketing,39,M,3,62009
EMP_0421,Finance,44,M,0,86037
EMP_0164,HR,28,F,5,51600
EMP_0028,Sales,24,M,1,119522
EMP_0516,Engineering,41,F,3,137488
EMP_0193,Engineering,46,M,1,58395
EMP_1327,Sales,54,M,20,112913
EMP_1361,Sales,53,M,13,97671
EMP_0945,Sales,47,M,18,107460
EMP_1360,Engineering,53,M,28,111520
EMP_0169,Finance,47,F,16,135276
EMP_0167,Marketing,31,F,2,76953
EMP_0652,HR,38,F,9,57751
EMP_0173,Marketing,23,F,0,69847
EMP_0518,Engineering,31,F,3,81919
EMP_1213,HR,29,M,5,64187
EMP_1400,HR,45,F,19,102141
EMP_0912,Marketing,23,F,0,74137
EMP_0491,Sales,56,M,7,99059
EMP_0953,Marketing,24,M,0,62379
EMP_0073,Marketing,38,M,15,75341
EMP_1252,Marketing,36,F,8,88409
EMP_0587,Sales,42,M,3,62010
EMP_0750,Sales,26,M,1,60058
EMP_0657,Sales,56,M,12,77067
EMP_0842,Finance,34,M,0,51611
EMP_0234,Finance,57,F,24,149526
EMP_0732,Marketing,37,F,11,80072
EMP_0214,Engineering,25,F,0,79575
EMP_0162,Sales,30,M,4,54787
EMP_0132,Sales,36,F,10,121571
EMP_1311,Finance,50,F,25,96114
EMP_0222,HR,50,M,1,52357
EMP_1227,Engineering,29,F,1,124906
EMP_0934,Engineering,52,M,28,143795
EMP_0185,HR,29,F,5,91103
EMP_0041,Sales,55,M,21,73165
EMP_0692,Finance,45,F,3,78683
EMP_0108,Sales,45,M,10,58209
EMP_0038,Sales,57,M,24,103519
EMP_0568,Marketing,25,M,1,93412
EMP_0994,Marketing,49,M,27,103988
EMP_1342,Engineering,52,F,3,111629
EMP_1441,Engineering,52,M,0,67219
EMP_0483,HR,39,F,16,78714
EMP_0468,HR,28,F,6,48090
EMP_0890,Finance,51,M,0,116913
EMP_0947,Engineering,41,F,4,72892
EMP_0024,Marketing,26,F,1,61699
EMP_1009,Engineering,29,F,7,126905
EMP_1192,Sales,32,F,4,105094
EMP_0068,Marketing,47,M,25,101912
EMP_0884,Finance,49,M,6,71303
EMP_1354,HR,29,F,5,47952
EMP_0366,HR,34,F,3,46015
EMP_0505,Finance,53,F,16,79163
EMP_0850,Sales,25,M,1,53372
EMP_1315,Marketing,41,M,1,79404
EMP_0383,Marketing,47,F,16,50673
EMP_0734,Sales,34,M,10,110723
EMP_0717,Engineering,34,F,9,92147
EMP_1335,Sales,48,F,26,102472
EMP_0454,Finance,43,F,18,82217
EMP_0264,Engineering,41,M,7,151298
EMP_0075,Finance,56,F,18,99941
EMP_0914,Finance,32,M,3,118442
EMP_0232,Marketing,43,F,20,94080
EMP_0444,Finance,26,M,0,61244
EMP_0395,Sales,33,F,11,83473
EMP_0611,Sales,26,M,3,41401
EMP_0176,Sales,24,M,2,51852
EMP_0018,Sales,48,M,12,68895
EMP_1310,Marketing,43,M,15,99363
EMP_1221,Finance,40,F,9,111725
EMP_0341,Marketing,46,M,19,66250
EMP_1347,Finance,47,F,16,62742
EMP_0879,HR,48,M,12,53241
EMP_0595,Sales,40,M,0,64344
EMP_0061,Finance,30,M,4,90570
EMP_1260,Sales,32,M,0,44056
EMP_0272,Marketing,32,M,5,83086
EMP_1208,Sales,53,F,14,97973
EMP_0872,Finance,42,M,1,125626
EMP_1120,Sales,38,M,13,91938
EMP_1406,Finance,49,F,24,128556
EMP_0278,HR,42,F,10,45814
EMP_0036,Sales,31,M,2,99500
EMP_0662,Engineering,36,F,0,71671
EMP_1351,Engineering,39,M,16,93151
EMP_1089,Marketing,43,F,0,72474
EMP_0977,Marketing,30,M,4,70033
EMP_0738,Engineering,46,M,19,140805
EMP_0191,Marketing,44,M,6,65154
EMP_0919,Sales,35,F,13,81076
EMP_0456,Sales,34,M,5,105317
EMP_0675,Sales,31,M,4,41410
EMP_0760,Marketing,47,M,23,125399
EMP_1352,HR,39,F,12,58074
EMP_0728,Engineering,37,M,15,81494
EMP_0412,Sales,44,F,22,109601
EMP_0825,Sales,45,F,21,71178
EMP_0616,Sales,39,M,2,74367
EMP_0114,Finance,47,M,22,119352
EMP_0417,Engineering,44,F,19,151588
EMP_1428,Engineering,26,M,3,116363
EMP_0969,HR,40,M,1,79238
EMP_0604,Sales,38,M,8,91219
EMP_1434,Engineering,36,M,11,93450
EMP_0089,Finance,36,M,7,85809
EMP_0848,Marketing,26,F,0,49113
EMP_1145,Sales,54,M,27,88117
EMP_1433,HR,43,F,3,62084
EMP_0753,Engineering,51,F,0,114406
EMP_0498,Engineering,44,M,14,140362
EMP_0011,Finance,46,M,17,111650
EMP_0396,Marketing,24,F,1,51637
EMP_0284,Engineering,40,F,9,150507
EMP_0690,Engineering,42,F,4,71671
EMP_1230,Marketing,39,F,10,99560
EMP_1403,Engineering,41,M,3,139373
EMP_0689,Engineering,47,M,9,151280
EMP_0851,Sales,44,M,18,105076
EMP_0159,Engineering,24,M,2,146627
EMP_0895,Engineering,30,M,0,59094
EMP_1189,Engineering,33,F,8,135227
EMP_0257,Marketing,49,M,4,65537
EMP_0335,Sales,54,M,9,42019
EMP_1407,Marketing,41,F,0,84778
EMP_1039,Finance,41,M,1,104982
EMP_0515,Sales,34,M,8,118556
EMP_1015,Engineering,49,F,4,126776
EMP_0768,Sales,28,F,6,73941
EMP_1316,Sales,44,M,8,127396
EMP_0761,Sales,38,F,0,106190
EMP_1102,Finance,41,F,18,86208
EMP_0521,Engineering,46,F,21,106839
EMP_0022,HR,52,M,29,64282
EMP_0356,Engineering,36,M,6,144115
EMP_1271,Marketing,25,M,1,45030
EMP_0340,Engineering,40,F,8,97812
EMP_0431,Marketing,41,F,11,54213
EMP_0473,Engineering,31,M,7,103327
EMP_0217,Marketing,23,M,1,52023
EMP_0911,Engineering,38,M,13,158630
EMP_1204,Finance,49,M,6,75425
EMP_1011,Engineering,31,F,2,82357
EMP_1458,Sales,39,M,8,90823
EMP_0093,HR,42,M,4,70503
EMP_1008,Marketing,28,M,1,48328
EMP_1070,Engineering,48,M,23,157332
EMP_0696,Engineering,46,F,17,88397
EMP_0996,Sales,54,F,21,103675
EMP_0153,Finance,49,F,19,110396
EMP_1299,Sales,25,F,2,88905
EMP_1497,Finance,58,M,30,93599
EMP_0789,Engineering,40,M,9,89162
EMP_0580,Engineering,34,M,0,137193
EMP_0703,Engineering,28,F,0,68099
EMP_1258,Finance,43,M,20,106569
EMP_0487,Sales,39,M,15,88222
EMP_0559,Finance,45,F,14,77229
EMP_0801,Engineering,35,M,2,74900
EMP_0512,Engineering,53,F,7,78722
EMP_0633,Sales,57,F,4,112824
EMP_1110,Engineering,28,F,4,151177
EMP_1471,HR,36,M,12,59679
EMP_0790,Engineering,50,M,0,70441
EMP_0116,Sales,40,M,2,69968
EMP_0740,Sales,35,M,5,64015
EMP_1081,Marketing,45,M,10,77327
EMP_0830,Sales,29,F,3,96935
EMP_0119,Sales,40,M,14,112438
EMP_0656,Sales,45,M,22,138365
EMP_0635,Sales,41,F,10,122395
EMP_0369,Engineering,53,M,6,86900
EMP_0268,Engineering,39,F,15,125966
EMP_0655,Sales,54,M,9,83764
EMP_0935,Engineering,44,M,6,145200
EMP_0822,Sales,44,M,21,79075
EMP_0866,Marketing,39,F,7,89618
EMP_0046,Engineering,44,M,0,85107
EMP_1290,HR,54,M,15,87984
EMP_0991,Engineering,29,M,5,107857
EMP_0876,Sales,55,F,0,54706
EMP_0773,Engineering,50,M,19,145374
VICTIM_001,Engineering,35,F,8,95000
EMP_0004,Sales,50,F,14,91758
EMP_1003,Marketing,39,M,11,84917
EMP_1301,Sales,59,M,29,74463
EMP_0263,Sales,45,F,19,57709
EMP_1333,Engineering,33,M,3,97748
EMP_1442,HR,55,M,32,101986
EMP_0443,Sales,60,F,7,71015
EMP_1002,Engineering,47,M,6,90931
EMP_1077,Engineering,35,M,6,85160
EMP_0837,Marketing,50,F,18,91022
EMP_1339,HR,48,F,22,72759
EMP_0304,HR,25,F,3,78381
EMP_1174,Sales,48,M,23,65168
EMP_0313,Finance,31,M,4,63653
EMP_0149,Engineering,28,F,5,79387
EMP_0574,Sales,48,F,16,100215
EMP_0050,Finance,32,M,3,105603
EMP_1414,Engineering,39,F,8,81570
EMP_0726,Engineering,38,M,1,72157
EMP_0833,Engineering,41,M,10,94480
EMP_1115,Sales,46,F,0,46260
EMP_0470,Engineering,51,F,1,56179
EMP_0971,Engineering,53,F,21,149102
EMP_0653,Sales,54,F,25,119940
EMP_0399,Sales,42,F,1,63820
EMP_0511,Sales,44,F,13,93585
EMP_0320,Sales,39,M,3,82576
EMP_0019,Marketing,50,M,4,58599
EMP_0684,Sales,44,M,10,73436
EMP_0035,Sales,24,F,1,112663
EMP_0902,Marketing,48,F,13,80921
EMP_0827,Finance,50,M,5,84281
EMP_1344,Marketing,24,F,1,80648
EMP_0407,Engineering,42,F,18,140790
EMP_0920,Engineering,27,M,1,148584
EMP_0537,Engineering,43,M,18,72370
EMP_0758,Sales,36,M,14,125759
EMP_1062,Finance,43,M,8,85107
EMP_0245,HR,47,M,11,77513
EMP_1127,Engineering,32,M,10,134214
EMP_0784,Marketing,30,M,6,65557
EMP_0489,Finance,38,M,12,97899
EMP_0154,Marketing,32,F,1,80490
EMP_0961,Sales,27,M,5,63057
EMP_0853,Engineering,42,F,6,65156
EMP_0625,Engineering,28,M,5,101390
EMP_0685,Sales,39,F,13,112646
EMP_0569,Engineering,33,F,10,138800
EMP_1426,Finance,40,F,12,93472
EMP_0017,HR,29,F,6,53277
EMP_0127,Engineering,43,M,14,139935
EMP_0927,Engineering,44,F,10,136197
EMP_0980,Marketing,50,F,10,54461
EMP_1469,Marketing,43,M,6,88306
EMP_0190,Sales,46,M,12,55896
EMP_1139,Marketing,30,F,2,44145
EMP_0992,Engineering,42,M,4,109902
EMP_1463,Engineering,35,M,11,155079
EMP_1251,HR,27,F,4,78185
EMP_0606,Marketing,40,F,8,100684
EMP_0180,Marketing,34,M,8,91107
EMP_0301,HR,36,M,11,94841
EMP_0496,Engineering,34,F,9,114905
EMP_1314,HR,28,F,0,64165
EMP_1255,Sales,59,M,28,111145
EMP_1237,Engineering,53,M,23,148897
EMP_0517,Marketing,38,F,15,117498
EMP_1069,Sales,58,M,8,62101
EMP_0476,Marketing,25,F,3,81304
EMP_0157,Engineering,36,M,7,116366
EMP_1195,Marketing,48,F,1,43570
EMP_0016,Sales,44,F,0,67548
EMP_1072,Finance,43,F,19,144061
EMP_0546,Sales,39,M,8,58358
EMP_0658,Finance,42,F,14,62365
EMP_1226,Sales,46,F,22,136721
EMP_1019,Engineering,34,M,12,92653
EMP_1318,HR,39,M,16,96628
EMP_0959,Finance,39,M,5,76206
EMP_1409,Sales,43,F,8,53489
EMP_0283,Sales,29,F,1,103665
EMP_0797,Sales,48,F,12,81741
EMP_0225,Engineering,51,F,14,110813
EMP_0026,Engineering,30,M,0,69068
EMP_0437,Sales,40,M,12,68083
EMP_1457,Engineering,29,M,6,104921
EMP_0229,Engineering,50,F,19,81336
EMP_0037,Finance,58,F,10,137704
EMP_0749,Marketing,22,F,0,86855
EMP_1045,Engineering,44,M,8,93943
EMP_0469,Engineering,55,F,30,86735
EMP_1278,Engineering,27,M,1,56900
EMP_1472,Marketing,36,F,7,72037
EMP_0687,Sales,34,M,1,114495
EMP_1378,Engineering,33,F,4,77474
EMP_0639,Sales,47,F,9,93378
EMP_1416,Marketing,38,F,12,104452
EMP_1218,Sales,35,F,6,77093
EMP_1158,Marketing,44,M,7,53156
EMP_1250,Engineering,52,M,1,69834
EMP_1439,Finance,44,F,13,78265
EMP_0800,Engineering,52,M,29,120597
EMP_0160,Engineering,37,M,0,57411
EMP_0956,HR,55,M,24,59583
EMP_1186,Marketing,44,F,16,93667
EMP_0821,HR,31,M,5,77270
EMP_1270,Finance,35,F,13,131772
EMP_0877,Marketing,50,M,10,96751
EMP_0913,HR,55,F,25,87421
EMP_0152,Marketing,47,F,1,68922
EMP_1373,HR,39,F,10,82478
EMP_0509,Engineering,40,F,8,102603
EMP_1135,Sales,45,M,14,71460
EMP_1321,Engineering,28,F,3,87587
EMP_0103,Sales,60,F,33,100767
EMP_0586,Engineering,52,M,9,155761
EMP_1328,Engineering,54,M,14,147418
EMP_1143,Marketing,38,M,10,63427
EMP_0053,Engineering,29,M,2,69115
EMP_0151,Sales,32,F,4,88773
EMP_0403,Engineering,32,F,1,118197
EMP_1454,Sales,24,F,0,40981
EMP_0207,Engineering,47,M,5,85793
EMP_1417,Engineering,26,M,1,91068
EMP_1122,Sales,35,F,13,124291
EMP_0008,HR,27,F,3,50331
EMP_1014,Marketing,32,F,5,64803
EMP_1343,Sales,55,M,9,88776
EMP_1060,Engineering,48,M,18,142124
EMP_0452,Sales,43,F,6,85301
EMP_0253,Sales,28,F,0,117400
EMP_0896,Marketing,46,F,1,86419
EMP_1308,Engineering,53,M,2,125345
EMP_0880,Sales,39,F,1,75651
EMP_1427,Finance,51,F,0,127175
EMP_0623,Sales,44,M,20,129830
EMP_0345,Engineering,51,M,17,85404
EMP_1286,Sales,35,F,3,93772
EMP_0262,Engineering,25,M,0,137452
EMP_0150,Marketing,43,M,7,82628
EMP_0472,Engineering,25,F,3,85249
EMP_0640,HR,25,M,3,43229
EMP_1484,Sales,52,M,25,95224
EMP_1410,Sales,30,M,0,41304
EMP_0550,Sales,36,F,6,62201
EMP_0928,Sales,36,M,9,123312
EMP_0488,Marketing,37,M,13,92784
EMP_1356,Sales,39,M,3,70260
EMP_1171,Marketing,26,M,2,72662
EMP_0146,Sales,40,F,14,112019
EMP_0402,Engineering,48,M,13,145375
EMP_0954,Sales,59,F,20,87786
EMP_1405,HR,38,F,6,77870
EMP_0659,Sales,54,F,19,55777
EMP_0463,Sales,53,F,17,95722
EMP_0186,Sales,48,M,25,68490
EMP_1147,Engineering,29,F,6,62039
EMP_1224,Engineering,51,F,10,120585
EMP_0608,Engineering,45,M,14,127020
EMP_0143,Marketing,25,F,1,41830
EMP_0751,Finance,28,M,1,122610
EMP_0981,Engineering,37,F,13,109581
EMP_0197,Marketing,39,M,4,44597
EMP_0883,Finance,31,M,7,65935
EMP_0279,Engineering,38,M,14,98109
EMP_0293,Marketing,50,F,16,54406
EMP_1364,Sales,39,M,2,75612
EMP_0400,Engineering,30,M,3,80593
EMP_0122,Marketing,37,M,10,58331
EMP_1207,Engineering,24,F,2,66342
EMP_0202,HR,30,F,5,90466
EMP_0835,Engineering,41,F,19,113105
EMP_0246,Engineering,55,M,2,64551
EMP_1422,Marketing,23,F,1,49420
EMP_1408,Engineering,50,F,10,154136
EMP_1153,Engineering,53,M,30,133320
EMP_0384,Marketing,29,M,1,70474
EMP_1322,Sales,45,F,7,90049
EMP_0854,Finance,33,M,3,91989
EMP_0219,HR,41,F,0,40722
EMP_0641,Marketing,35,M,3,82698
EMP_0001,Engineering,34,M,4,116938
EMP_0112,Marketing,48,M,24,97375
EMP_0698,HR,53,F,25,89211
EMP_1431,Engineering,34,M,9,147150
EMP_0951,HR,39,F,4,51898
EMP_1317,HR,25,M,3,55011
EMP_1291,Marketing,24,M,1,73623
EMP_1353,Engineering,53,F,15,103659
EMP_0441,Sales,59,F,0,115464
EMP_1136,HR,42,M,11,45473
EMP_1256,Sales,30,M,4,113496
EMP_0663,Sales,48,F,21,76641
EMP_1372,Finance,36,M,6,105137
EMP_1257,Engineering,39,F,5,129762
EMP_1331,Engineering,47,F,10,148032
EMP_0317,Sales,56,M,1,77445
EMP_0648,Finance,55,M,11,130235
EMP_0709,Engineering,55,F,3,112052
EMP_1282,Engineering,54,F,21,104283
EMP_0972,Finance,37,M,7,117768
EMP_0627,Engineering,47,M,6,157587
EMP_0632,Engineering,47,F,3,62710
EMP_1306,Engineering,53,F,11,152612
EMP_1248,Engineering,52,F,29,114658
EMP_1461,HR,32,M,4,61434
EMP_1254,Engineering,25,F,3,64297
EMP_1383,Finance,28,F,0,70481
EMP_0795,Marketing,37,F,3,54491
EMP_0645,Engineering,40,F,15,137066
EMP_1012,HR,28,F,4,59653
EMP_0556,Sales,33,M,11,96984
EMP_0681,HR,46,M,16,62539
EMP_0577,Sales,55,F,17,80798
EMP_1109,Finance,56,M,1,106623
EMP_1266,HR,36,M,10,86677
EMP_1183,Sales,47,F,14,89866
EMP_0524,Engineering,53,F,16,109623
EMP_1059,Sales,23,M,0,60817
EMP_0540,Engineering,39,F,3,152324
EMP_1194,Sales,36,F,1,121077
EMP_0748,Engineering,30,M,1,80061
EMP_1386,Finance,47,M,24,86844
EMP_0484,Sales,39,F,0,114064
EMP_0095,Finance,36,F,14,100047
EMP_1020,Sales,56,M,24,101239
EMP_0563,Marketing,33,M,2,54286
EMP_1264,Engineering,29,M,0,118319
EMP_0742,HR,44,F,3,44598
EMP_0863,Sales,39,M,4,124135
EMP_0891,Engineering,50,F,11,123603
EMP_1038,Sales,38,M,4,51736
EMP_0206,Finance,37,M,14,117131
EMP_0392,Sales,35,M,11,120166
EMP_0794,Engineering,38,F,3,116438
EMP_0870,Engineering,50,M,16,119777
EMP_0397,HR,54,F,17,92764
EMP_0766,Sales,36,M,0,36158
EMP_1376,Engineering,40,M,3,99697
EMP_1241,Engineering,50,F,11,133653
EMP_1028,Engineering,44,M,4,149024
EMP_0642,Engineering,38,F,5,110856
EMP_0612,Finance,55,M,8,60861
EMP_0960,Sales,30,F,2,55004
EMP_0725,Sales,55,M,8,59382
EMP_0683,Sales,41,M,1,88766
EMP_0098,Sales,32,F,0,55492
EMP_0804,Finance,50,M,20,112290
EMP_0406,Engineering,47,M,5,88395
EMP_0502,Marketing,43,M,7,49039
EMP_1071,Engineering,41,M,11,156113
EMP_1056,Finance,38,F,1,74439
EMP_0929,Engineering,32,F,0,66523
EMP_0779,Marketing,27,M,5,82446
EMP_0200,Engineering,43,M,7,152607
EMP_0134,HR,27,M,4,53612
EMP_1051,Engineering,24,M,0,58136
EMP_0040,Sales,55,M,19,89789
EMP_1017,HR,40,F,2,61965
EMP_0230,Engineering,47,F,2,74542
EMP_0378,Engineering,25,M,0,68391
EMP_0288,Engineering,28,M,2,138204
EMP_0418,Sales,50,M,21,132759
EMP_0391,Engineering,34,M,0,94687
EMP_0592,HR,47,F,22,79825
EMP_1162,Sales,24,M,1,86376
EMP_1086,Sales,49,M,17,51320
EMP_0647,Engineering,28,F,6,119002
EMP_1152,Marketing,36,M,4,92736
EMP_1367,Engineering,51,M,3,94141
EMP_0520,Marketing,49,M,10,55844
EMP_0064,Sales,38,F,16,126894
EMP_0014,HR,51,M,6,77090
EMP_1180,HR,39,M,14,60648
EMP_1064,Marketing,49,F,8,72220
EMP_0492,Marketing,33,M,11,90483
EMP_0379,Engineering,33,M,2,118933
EMP_0187,Finance,48,F,21,134451
EMP_0763,Sales,36,M,13,107652
EMP_0216,Engineering,36,F,5,84509
EMP_0791,Engineering,27,M,1,75959
EMP_1076,Engineering,49,M,2,116652
EMP_0878,Engineering,46,M,5,68925
EMP_0337,Engineering,27,F,5,68878
EMP_0719,Marketing,34,F,5,100276
EMP_0295,Engineering,28,F,2,94846
EMP_1016,Engineering,44,F,12,149810
EMP_1275,Marketing,23,M,0,97478
EMP_0455,Engineering,40,F,18,87249
EMP_1496,HR,51,F,16,82550
EMP_0815,Sales,47,M,12,52177
EMP_0269,Sales,28,M,0,69587
EMP_0995,Sales,41,M,19,69017
EMP_0201,Sales,32,M,8,59232
EMP_0161,Sales,51,M,24,71413
EMP_0729,Engineering,44,F,6,72257
EMP_0401,Engineering,54,M,24,96124
EMP_0702,Engineering,25,M,3,60659
EMP_1129,Finance,59,F,25,145047
EMP_0565,Engineering,52,F,19,94491
EMP_1413,Engineering,44,M,14,101800
EMP_1021,Marketing,27,F,2,78869
EMP_1025,Sales,40,M,15,53549
EMP_1411,HR,51,F,16,67368
EMP_1104,Engineering,26,F,1,91298
EMP_0205,Engineering,32,M,10,81191
EMP_0034,Finance,55,F,6,110702
EMP_0775,HR,52,M,20,90086
EMP_0508,Finance,49,F,24,150196
EMP_1475,Engineering,42,M,2,138794
EMP_1390,Sales,41,M,12,103736
EMP_0091,Engineering,28,F,2,123397
EMP_1363,Engineering,46,F,10,153646
EMP_0897,Finance,41,F,2,101597
EMP_0564,Engineering,51,M,5,152529
EMP_1369,Sales,30,M,8,62666
EMP_0776,Engineering,31,F,2,102627
EMP_0241,Sales,30,F,3,67797
EMP_0013,Marketing,29,M,2,54353
EMP_0315,Sales,53,M,17,81583
EMP_0600,Engineering,25,M,1,110186
EMP_0387,Sales,31,M,7,85849
EMP_1297,Marketing,46,F,21,72249
EMP_0166,Engineering,27,F,1,141121
EMP_0840,HR,35,M,9,85249
EMP_0020,HR,28,F,6,55585
EMP_0646,Sales,49,F,23,124569
EMP_1154,Finance,43,M,6,92486
EMP_0831,Sales,53,M,7,93776
EMP_1267,Engineering,53,M,9,79981
EMP_0562,Engineering,53,F,17,137619
EMP_1460,Marketing,28,F,0,58193
EMP_0686,Engineering,47,M,0,63454
EMP_0957,Marketing,22,M,0,72301
EMP_0189,Marketing,41,F,17,90803
EMP_0975,Engineering,27,M,3,149564
EMP_0699,Engineering,36,F,4,65766
EMP_0510,Finance,52,F,28,166870
EMP_1082,HR,28,F,6,84706
EMP_0474,Marketing,42,F,16,102092
EMP_0856,Engineering,29,F,0,60108
EMP_0747,Sales,38,M,10,65001
EMP_0252,Sales,59,F,13,89929
EMP_0021,Finance,31,M,3,124522
EMP_1337,Finance,44,M,6,95147
EMP_0459,Marketing,32,F,2,77367
EMP_1184,Sales,59,F,21,61679
EMP_0276,Sales,28,F,4,67526
EMP_0955,Finance,38,M,15,99636
EMP_1215,Marketing,22,M,0,85660
EMP_0385,Sales,47,M,10,115571
EMP_0805,Sales,50,M,18,107469
EMP_1437,Engineering,34,F,2,108581
EMP_0343,Finance,37,F,1,101606
EMP_0769,Marketing,46,M,0,58895
EMP_1332,Sales,41,M,12,134538
EMP_0130,Sales,42,M,4,37697
EMP_0871,Sales,42,M,20,132399
EMP_1123,Marketing,22,F,0,83563
EMP_1396,Engineering,46,M,19,130899
EMP_0087,Sales,33,F,3,86485
EMP_1482,Engineering,53,F,28,121311
EMP_0330,Marketing,29,F,7,63343
EMP_1238,Engineering,54,F,15,126507
EMP_0466,Finance,32,M,2,111697
EMP_0121,Sales,28,F,0,35640
EMP_1044,Engineering,46,M,15,114059
EMP_1095,Sales,32,F,10,49001
EMP_1130,Engineering,54,F,23,90934
EMP_1294,Engineering,37,F,13,107873
EMP_0860,Sales,30,F,3,91538
EMP_1459,Engineering,25,F,0,113381
EMP_1126,Sales,34,M,4,120578
